INSERT INTO stock
(id, symbol, favourite)
VALUES
    (1,'BTC', true),
    (2, 'ETH', true),
    (3, 'USDT', false),
    (4,'BNB', false),
    (5, 'USDC', false),
    (6, 'XRP', false),
    (7, 'ADA', true),
    (8, 'BUSD', false),
    (9, 'SOL', false),
    (10, 'DOGE', false),
    (11, 'DOT', false),
    (12, 'WBTC', false),
    (13, 'TRX', false),
    (14, 'DAI', false),
    (15, 'AVAX', false),
    (16, 'SHIB', false),
    (17, 'MATIC', false),
    (18, 'LEO', false),
    (19, 'CRO', false),
    (20, 'LTC', false),
    (21, 'NEAR', false),
    (22, 'UNI', false),
    (23, 'XLM', false),
    (24, 'FTT', false),
    (25, 'BCH', false),
    (26, 'XMR', false),
    (27, 'LINK', false),
    (28, 'ETC', false),
    (29, 'ATOM', false),
    (30, 'ALGO', false),
    (31, 'FLOW', false),
    (32, 'VET', false),
    (33, 'ICP', false),
    (34, 'HBAR', false),
    (35, 'MANA', false),
    (36, 'APE', false),
    (37, 'XTZ', false),
    (38, 'KCS', false),
    (39, 'EGLD', false),
    (40, 'SAND', false),
    (41, 'FIL', false),
    (42, 'AAVE', false),
    (43, 'TUSD', false),
    (44, 'ZEC', false),
    (45, 'EOS', false),
    (46, 'AXS', false),
    (47, 'THETA', false),
    (48, 'KLAY', false),
    (49, 'MKR', false),
    (50, 'HT', false),
    (51, 'WAVES', false),
    (52, 'BSV', false),
    (53, 'GRT', false),
    (54, 'BTT', false),
    (55, 'HNT', false),
    (56, 'MIOTA', false),
    (57, 'USDP', false),
    (58, 'XEC', false),
    (59, 'FTM', false),
    (60, 'RUNE', false);

INSERT INTO stock_transaction
(stock_id, amount, price, date, type)
VALUES
    (1, 0.0577235, 40000.0, '2022-04-22', 'BUY'),
    (1, 0.048543, 33000.0, '2021-07-16', 'BUY'),
    (1, 0.051212355, 30000.0, '2022-05-11', 'BUY'),
    (2, 0.553544, 1891.0, '2022-04-22', 'BUY'),
    (2, 0.2422, 1812.0, '2022-04-22', 'BUY'),
    (2, 0.1442, 2321.0, '2022-04-22', 'BUY'),
    (2, 0.2127422, 2142.0, '2022-04-22', 'BUY'),
    (7, 300.0, 0.52321, '2022-04-22', 'BUY'),
    (7, 300.0, 0.3911, '2022-04-22', 'BUY'),
    (7, 300.0, 0.4376, '2022-04-22', 'BUY'),
    (7, 300.0, 0.5106, '2022-04-22', 'BUY'),
    (7, 300.0, 0.5276, '2022-04-22', 'BUY'),
    (4, 1, 252.132, '2022-04-22', 'BUY'),
    (4, 0.5, 271.542, '2022-04-22', 'BUY'),
    (4, 0.5, 287.174, '2022-04-22', 'BUY'),
    (4, 1, 310.174, '2022-04-22', 'BUY'),
    (4, 0.25, 376.456, '2022-04-22', 'BUY'),
    (4, 0.25, 376.534, '2022-04-22', 'BUY'),
    (4, 0.4, 364.1908, '2022-04-22', 'BUY'),
    (19, 300, 0.513, '2022-04-22', 'BUY'),
    (19, 500, 0.438, '2022-04-22', 'BUY'),
    (19, 100, 0.4765, '2022-04-22', 'BUY'),
    (9, 10, 61.67, '2022-04-22', 'BUY'),
    (9, 10, 65.1341, '2022-04-22', 'BUY'),
    (9, 5, 57.653, '2022-04-22', 'BUY'),
    (15, 13, 31.523, '2022-04-22', 'BUY'),
    (15, 12, 27.5135, '2022-04-22', 'BUY'),
    (15, 10, 28.8726, '2022-04-22', 'BUY'),
    (10, 850, 0.010132, '2022-04-22', 'BUY'),
    (10, 5000, 0.009645, '2022-04-22', 'BUY'),
    (10, 2500, 0.014053, '2022-04-22', 'BUY');

INSERT INTO budget_transaction
(transaction_value, title, description, type, date)
VALUES
    (3000, 'Wypłata','wypłata za maj + odebranie nadgodzin' , 'INCOME', '2022-05-10'),
    (300, 'Zakupy spożywcze','biedra' ,  'EXPENSE', '2022-05-14');